{
  "$schema": "https://schema.management.azure.com/schemas/2019-04-01/deploymentTemplate.json#",
  "contentVersion": "1.0.0.0",
  "parameters": {
    "appName": {
      "type": "string",
      "defaultValue": "monday-magic-tracker",
      "metadata": {
        "description": "Name of the web app"
      }
    },
    "location": {
      "type": "string",
      "defaultValue": "[resourceGroup().location]",
      "metadata": {
        "description": "Location for all resources"
      }
    },
    "sqlServerName": {
      "type": "string",
      "defaultValue": "[concat('sql-', uniqueString(resourceGroup().id))]",
      "metadata": {
        "description": "Name of the SQL Server"
      }
    },
    "sqlServerAdminLogin": {
      "type": "string",
      "metadata": {
        "description": "SQL Server admin login"
      }
    },
    "sqlServerAdminPassword": {
      "type": "securestring",
      "metadata": {
        "description": "SQL Server admin password"
      }
    },
    "jwtKey": {
      "type": "securestring",
      "metadata": {
        "description": "JWT signing key (32+ characters)"
      }
    }
  },
  "variables": {
    "appServicePlanName": "[concat('asp-', parameters('appName'))]",
    "webAppName": "[concat('app-', parameters('appName'), '-', uniqueString(resourceGroup().id))]",
    "sqlDatabaseName": "MondayMagicTracker"
  },
  "resources": [
    {
      "type": "Microsoft.Sql/servers",
      "apiVersion": "2022-05-01-preview",
      "name": "[parameters('sqlServerName')]",
      "location": "[parameters('location')]",
      "properties": {
        "administratorLogin": "[parameters('sqlServerAdminLogin')]",
        "administratorLoginPassword": "[parameters('sqlServerAdminPassword')]",
        "version": "12.0"
      },
      "resources": [
        {
          "type": "databases",
          "apiVersion": "2022-05-01-preview",
          "name": "[variables('sqlDatabaseName')]",
          "location": "[parameters('location')]",
          "dependsOn": [
            "[resourceId('Microsoft.Sql/servers', parameters('sqlServerName'))]"
          ],
          "sku": {
            "name": "Basic",
            "tier": "Basic",
            "capacity": 5
          },
          "properties": {
            "collation": "SQL_Latin1_General_CP1_CI_AS",
            "maxSizeBytes": 2147483648
          }
        },
        {
          "type": "firewallRules",
          "apiVersion": "2022-05-01-preview",
          "name": "AllowAzureServices",
          "dependsOn": [
            "[resourceId('Microsoft.Sql/servers', parameters('sqlServerName'))]"
          ],
          "properties": {
            "startIpAddress": "0.0.0.0",
            "endIpAddress": "0.0.0.0"
          }
        }
      ]
    },
    {
      "type": "Microsoft.Web/serverfarms",
      "apiVersion": "2022-09-01",
      "name": "[variables('appServicePlanName')]",
      "location": "[parameters('location')]",
      "sku": {
        "name": "B1",
        "tier": "Basic",
        "size": "B1",
        "family": "B",
        "capacity": 1
      },
      "kind": "app",
      "properties": {
        "reserved": false
      }
    },
    {
      "type": "Microsoft.Web/sites",
      "apiVersion": "2022-09-01",
      "name": "[variables('webAppName')]",
      "location": "[parameters('location')]",
      "dependsOn": [
        "[resourceId('Microsoft.Web/serverfarms', variables('appServicePlanName'))]",
        "[resourceId('Microsoft.Sql/servers', parameters('sqlServerName'))]"
      ],
      "properties": {
        "serverFarmId": "[resourceId('Microsoft.Web/serverfarms', variables('appServicePlanName'))]",
        "siteConfig": {
          "netFrameworkVersion": "v8.0",
          "metadata": [
            {
              "name": "CURRENT_STACK",
              "value": "dotnet"
            }
          ],
          "appSettings": [
            {
              "name": "AZURE_SQL_CONNECTIONSTRING",
              "value": "[concat('Server=tcp:', parameters('sqlServerName'), '.database.windows.net,1433;Initial Catalog=', variables('sqlDatabaseName'), ';Persist Security Info=False;User ID=', parameters('sqlServerAdminLogin'), ';Password=', parameters('sqlServerAdminPassword'), ';MultipleActiveResultSets=False;Encrypt=True;TrustServerCertificate=False;Connection Timeout=30;')]"
            },
            {
              "name": "JWT_KEY",
              "value": "[parameters('jwtKey')]"
            },
            {
              "name": "ASPNETCORE_ENVIRONMENT",
              "value": "Production"
            }
          ]
        }
      }
    }
  ],
  "outputs": {
    "webAppUrl": {
      "type": "string",
      "value": "[concat('https://', variables('webAppName'), '.azurewebsites.net')]"
    },
    "sqlServerFqdn": {
      "type": "string",
      "value": "[reference(resourceId('Microsoft.Sql/servers', parameters('sqlServerName'))).fullyQualifiedDomainName]"
    }
  }
}
